{
  "id": "2252480",
  "name": "小米",
  "font_family": "iconfont",
  "css_prefix_text": "icon-",
  "description": "",
  "glyphs": [
    {
      "icon_id": "8852347",
      "name": "回顶部",
      "font_class": "top",
      "unicode": "e60d",
      "unicode_decimal": 58893
    },
    {
      "icon_id": "180841",
      "name": "时钟",
      "font_class": "shizhong",
      "unicode": "e65d",
      "unicode_decimal": 58973
    },
    {
      "icon_id": "256595",
      "name": "喜欢",
      "font_class": "love",
      "unicode": "e619",
      "unicode_decimal": 58905
    },
    {
      "icon_id": "799672",
      "name": "话费充值",
      "font_class": "pay",
      "unicode": "e666",
      "unicode_decimal": 58982
    },
    {
      "icon_id": "1676167",
      "name": "qq",
      "font_class": "qq1",
      "unicode": "e602",
      "unicode_decimal": 58882
    },
    {
      "icon_id": "2693197",
      "name": "米粉卡",
      "font_class": "mfk",
      "unicode": "e60e",
      "unicode_decimal": 58894
    },
    {
      "icon_id": "3096381",
      "name": "F码",
      "font_class": "fma",
      "unicode": "e603",
      "unicode_decimal": 58883
    },
    {
      "icon_id": "4018697",
      "name": "秒杀",
      "font_class": "miaosha",
      "unicode": "e630",
      "unicode_decimal": 58928
    },
    {
      "icon_id": "5603288",
      "name": "支付宝",
      "font_class": "zhifubao",
      "unicode": "e606",
      "unicode_decimal": 58886
    },
    {
      "icon_id": "6006033",
      "name": "圆箭头",
      "font_class": "youjiantou",
      "unicode": "e607",
      "unicode_decimal": 58887
    },
    {
      "icon_id": "7199533",
      "name": "客服",
      "font_class": "kefu",
      "unicode": "e627",
      "unicode_decimal": 58919
    },
    {
      "icon_id": "7372587",
      "name": "微博",
      "font_class": "c-wb",
      "unicode": "e608",
      "unicode_decimal": 58888
    },
    {
      "icon_id": "7653317",
      "name": "以旧换新",
      "font_class": "change",
      "unicode": "e609",
      "unicode_decimal": 58889
    },
    {
      "icon_id": "9511182",
      "name": "个人中心 我的  人物 标准头 线性",
      "font_class": "my",
      "unicode": "e646",
      "unicode_decimal": 58950
    },
    {
      "icon_id": "10752240",
      "name": "企业",
      "font_class": "qiye",
      "unicode": "e855",
      "unicode_decimal": 59477
    },
    {
      "icon_id": "11435690",
      "name": "手机",
      "font_class": "shouji",
      "unicode": "e60a",
      "unicode_decimal": 58890
    },
    {
      "icon_id": "13093185",
      "name": "对号",
      "font_class": "exchange",
      "unicode": "e60b",
      "unicode_decimal": 58891
    },
    {
      "icon_id": "14084590",
      "name": "微信",
      "font_class": "c-wx",
      "unicode": "e60c",
      "unicode_decimal": 58892
    },
    {
      "icon_id": "11577341",
      "name": "购物车",
      "font_class": "gwc",
      "unicode": "e601",
      "unicode_decimal": 58881
    },
    {
      "icon_id": "17486486",
      "name": "搜索",
      "font_class": "search",
      "unicode": "e649",
      "unicode_decimal": 58953
    },
    {
      "icon_id": "6537422",
      "name": "位置",
      "font_class": "weizhi",
      "unicode": "e625",
      "unicode_decimal": 58917
    },
    {
      "icon_id": "9285141",
      "name": "15天",
      "font_class": "tian",
      "unicode": "e604",
      "unicode_decimal": 58884
    },
    {
      "icon_id": "530007",
      "name": "微信",
      "font_class": "weixin",
      "unicode": "e605",
      "unicode_decimal": 58885
    },
    {
      "icon_id": "1545794",
      "name": "七天内",
      "font_class": "sevenday",
      "unicode": "e600",
      "unicode_decimal": 58880
    },
    {
      "icon_id": "2833075",
      "name": "微博 (1)",
      "font_class": "weibo",
      "unicode": "e69c",
      "unicode_decimal": 59036
    },
    {
      "icon_id": "3705960",
      "name": "礼物",
      "font_class": "gift",
      "unicode": "e62d",
      "unicode_decimal": 58925
    },
    {
      "icon_id": "6132913",
      "name": "维修",
      "font_class": "weixiu",
      "unicode": "e63a",
      "unicode_decimal": 58938
    }
  ]
}
