{
  "id": "2252480",
  "name": "小米",
  "font_family": "iconfont",
  "css_prefix_text": "icon-",
  "description": "",
  "glyphs": [
    {
      "icon_id": "6537422",
      "name": "位置",
      "font_class": "weizhi",
      "unicode": "e625",
      "unicode_decimal": 58917
    },
    {
      "icon_id": "9285141",
      "name": "15天",
      "font_class": "tian",
      "unicode": "e604",
      "unicode_decimal": 58884
    },
    {
      "icon_id": "530007",
      "name": "微信",
      "font_class": "weixin",
      "unicode": "e605",
      "unicode_decimal": 58885
    },
    {
      "icon_id": "1545794",
      "name": "七天内",
      "font_class": "sevenday",
      "unicode": "e600",
      "unicode_decimal": 58880
    },
    {
      "icon_id": "2833075",
      "name": "微博 (1)",
      "font_class": "weibo",
      "unicode": "e69c",
      "unicode_decimal": 59036
    },
    {
      "icon_id": "3705960",
      "name": "礼物",
      "font_class": "gift",
      "unicode": "e62d",
      "unicode_decimal": 58925
    },
    {
      "icon_id": "6132913",
      "name": "维修",
      "font_class": "weixiu",
      "unicode": "e63a",
      "unicode_decimal": 58938
    }
  ]
}
